{
  "screening": {
    "n_calibration": 122,
    "n_holdout": 136,
    "brier_raw": 0.12774822309352873,
    "ece_raw": 0.10702035805980592,
    "brier_platt": 0.11628274224889554,
    "ece_platt": 0.07304878164440932,
    "brier_isotonic": 0.12417333162030533,
    "ece_isotonic": 0.07319139780824549
  },
  "enhanced": {
    "n_calibration": 122,
    "n_holdout": 136,
    "brier_raw": 0.09288778998830705,
    "ece_raw": 0.1426915437307673,
    "brier_platt": 0.07210871180994724,
    "ece_platt": 0.044775126831749584,
    "brier_isotonic": 0.07442449597551178,
    "ece_isotonic": 0.047647736719225633
  }
}