model,roc_auc_mean,roc_auc_std,recall_mean,recall_std,precision_mean,precision_std,f1_mean,f1_std,balanced_accuracy_mean,balanced_accuracy_std
logistic_regression,0.6534480165095575,0.009386082193895895,0.6305964720858338,0.023456235496211113,0.5175499738162964,0.005312068601123907,0.5683411228835243,0.011282326071744304,0.6128650942396964,0.0072094111336150415
gradient_boosting,0.6451079736951347,0.010543495299588819,0.3426023982970166,0.016827946024698913,0.554322719443241,0.013413476745051459,0.4233541024658278,0.016042067926056322,0.5765026604523318,0.00836866554871397
random_forest,0.64393477746685,0.013008803363283288,0.5753548773573804,0.026400958841276922,0.5058003970197951,0.01398266550690061,0.5382828447704429,0.019344592710218916,0.5942525458443486,0.01491515173410448
dummy_most_frequent,0.5,0.0,0.0,0.0,0.0,0.0,0.0,0.0,0.5,0.0
