{
  "threshold": 0.38,
  "roc_auc": 0.9528162055335969,
  "recall": 0.8863636363636364,
  "specificity": 0.9021739130434783,
  "precision": 0.8125,
  "f1": 0.8478260869565217,
  "balanced_accuracy": 0.8942687747035574,
  "confusion_matrix": [
    [
      83,
      9
    ],
    [
      5,
      39
    ]
  ]
}