{
  "screening": {
    "threshold": 0.285,
    "recall_sensitivity": 0.8863636363636364,
    "specificity": 0.6847826086956522,
    "precision_ppv": 0.5735294117647058,
    "npv": 0.9264705882352942,
    "f1": 0.6964285714285714,
    "f2": 0.7991803278688525,
    "roc_auc": 0.8955039525691699,
    "tn_fp_fn_tp": [
      63,
      29,
      5,
      39
    ]
  },
  "enhanced": {
    "threshold": 0.38,
    "recall_sensitivity": 0.8863636363636364,
    "specificity": 0.9021739130434783,
    "precision_ppv": 0.8125,
    "npv": 0.9431818181818182,
    "f1": 0.8478260869565217,
    "f2": 0.8705357142857143,
    "roc_auc": 0.9528162055335969,
    "tn_fp_fn_tp": [
      83,
      9,
      5,
      39
    ]
  }
}