,non_pcos_rate,pcos_rate,absolute_difference
skin_darkening_y_n,0.15384615384615385,0.6214689265536724,0.4676227727075185
weight_gain_y_n,0.22802197802197802,0.6836158192090396,0.4555938411870616
hair_growth_y_n,0.12912087912087913,0.5706214689265536,0.4415005898056745
pimples_y_n,0.3901098901098901,0.6949152542372882,0.30480536412739806
hair_loss_y_n,0.39285714285714285,0.576271186440678,0.18341404358353514
reg_exercise_y_n,0.22802197802197802,0.288135593220339,0.060113615198360976
