{
  "threshold": 0.285,
  "roc_auc": 0.8955039525691699,
  "recall": 0.8863636363636364,
  "specificity": 0.6847826086956522,
  "precision": 0.5735294117647058,
  "f1": 0.6964285714285714,
  "balanced_accuracy": 0.7855731225296443,
  "confusion_matrix": [
    [
      63,
      29
    ],
    [
      5,
      39
    ]
  ]
}