{
  "screening": {
    "high_recall_threshold": {
      "threshold": 0.285,
      "recall": 0.8863636363636364,
      "specificity": 0.6847826086956522,
      "precision": 0.5735294117647058,
      "npv": 0.9264705882352942,
      "f1": 0.6964285714285714,
      "f2": 0.7991803278688525,
      "tn_fp_fn_tp": [
        63,
        29,
        5,
        39
      ]
    },
    "balanced_threshold_0_50": {
      "threshold": 0.5,
      "recall": 0.7954545454545454,
      "specificity": 0.9130434782608695,
      "precision": 0.813953488372093,
      "npv": 0.9032258064516129,
      "f1": 0.8045977011494253,
      "f2": 0.7990867579908676,
      "tn_fp_fn_tp": [
        84,
        8,
        9,
        35
      ]
    }
  },
  "enhanced": {
    "high_recall_threshold": {
      "threshold": 0.38,
      "recall": 0.8863636363636364,
      "specificity": 0.9021739130434783,
      "precision": 0.8125,
      "npv": 0.9431818181818182,
      "f1": 0.8478260869565217,
      "f2": 0.8705357142857143,
      "tn_fp_fn_tp": [
        83,
        9,
        5,
        39
      ]
    },
    "balanced_threshold_0_50": {
      "threshold": 0.5,
      "recall": 0.8181818181818182,
      "specificity": 0.9565217391304348,
      "precision": 0.9,
      "npv": 0.9166666666666666,
      "f1": 0.8571428571428571,
      "f2": 0.8333333333333334,
      "tn_fp_fn_tp": [
        88,
        4,
        8,
        36
      ]
    }
  }
}